full_name,rating,price,version,date
timo baumgartl,83,0.0,Squad Foundations,2020-12-27 13:39
mauro icardi,85,0.0,Rare,2020-12-27 13:39
alphonse areola,82,0.0,Rare,2020-12-27 13:39
arturo vidal,83,0.0,Rare,2020-12-27 13:39
oyarzabal,88,0.0,LaLiga POTM,2020-12-27 13:39
alexandre lacazette,85,0.0,Objectives,2020-12-27 13:39
marcel sabitzer,85,0.0,Objectives,2020-12-27 13:39
diego godin,85,0.0,Rare,2020-12-27 13:39
aaron long,82,0.0,Squad Foundations,2020-12-27 13:39
alex sandro,85,0.0,CL,2020-12-27 13:39
mauro icardi,85,0.0,CL,2020-12-27 13:39
diogo jota,83,0.0,OTW Objective,2020-12-27 13:39
lopes,85,0.0,IF,2020-12-27 13:39
karim bellarabi,85,0.0,Halloween SBC,2020-12-27 13:39
bernat,85,0.0,Objectives,2020-12-27 13:39
trent alexander-arnold,87,0.0,,2020-12-27 13:39
lorenzo insigne,85,0.0,Rare,2020-12-27 13:39
nick lima,83,0.0,Squad Foundations,2020-12-27 13:39
kevin volland,86,0.0,FUT Freeze Obj,2020-12-27 13:39
david beckham,86,0.0,Beckham Special,2020-12-27 13:39
kingsley coman,86,0.0,TOTGS,2020-12-27 13:39
danilo luis helio pereira,82,0.0,CL,2020-12-27 13:39
gerard deulofeu lazaro,86,0.0,League Player,2020-12-27 13:39
alessio romagnoli,86,0.0,Objectives,2020-12-27 13:39
thiago,85,0.0,Rare,2020-12-27 13:39
iago aspas,86,0.0,Objectives,2020-12-27 13:39
florent mollet,86,0.0,League Player Obj.,2020-12-27 13:39
nelson semedo,83,0.0,Rare,2020-12-27 13:39
gonzalo higuain,83,0.0,Rare,2020-12-27 13:39
sergio reguilon rodriguez,82,0.0,Rare,2020-12-27 13:39
frank rijkaard,90,0.0,Icon,2020-12-27 13:39
alvaro borja morata martin,82,0.0,Rare,2020-12-27 13:39
joaquin correa,86,0.0,UCL Live,2020-12-27 13:39
naby keïta,85,0.0,Objectives,2020-12-27 13:39
woo yeong jeong,82,0.0,Objectives,2020-12-27 13:39
inaki williams,84,0.0,Halloween SBC,2020-12-27 13:39
fernando pacheco flores,84,0.0,IF,2020-12-27 13:39
bojan,84,0.0,Squad Foundations,2020-12-27 13:39
jules kounde,84,0.0,UCL Live Obj.,2020-12-27 13:39
franck yannick kessie,84,0.0,UEL Live,2020-12-27 13:39
joshua king,84,0.0,Squad Foundations,2020-12-27 13:39
erling haaland,84,0.0,,2020-12-27 13:39
rodrygo silva de goes,83,0.0,Record Breaker,2020-12-27 13:39
giorgio chiellini,87,0.0,CL,2020-12-27 13:39
steven bergwijn,83,0.0,,2020-12-27 13:39
ronaldo,96,0.0,Icon,2020-12-27 13:39
marcos acuna,83,0.0,Rare,2020-12-27 13:39
luis suarez,87,0.0,Rare,2020-12-27 13:39
mitchell van bergen,84,0.0,Squad Foundations,2020-12-27 13:39
hector bellerin moruno,85,0.0,Obj League Player,2020-12-27 13:39
nordi mukiele,84,0.0,Halloween Objective,2020-12-27 13:39
lautaro acosta,82,0.0,Swap Deals,2020-12-27 13:39
joseph aidoo,82,0.0,Objectives,2020-12-27 13:39
gareth bale,83,0.0,Rare,2020-12-27 13:39
andres tello,82,0.0,Objectives,2020-12-27 13:39
scott sinclair,82,0.0,Squad Foundations,2020-12-27 13:39
yannick bolasie,85,0.0,FUT Freeze Obj,2020-12-27 13:39
bradley dack,82,0.0,Squad Foundations,2020-12-27 13:39
casemiro,90,0.0,FUT Freeze,2020-12-27 13:39
kylian mbappe,90,0.0,,2020-12-27 13:39
callejon jose,84,0.0,Rare,2020-12-27 13:39
alex telles,84,0.0,CL,2020-12-27 13:39
julian brandt,84,0.0,CL,2020-12-27 13:39
david alaba,84,0.0,CL,2020-12-27 13:39
ryan gravenberch,82,0.0,Squad Foundations,2020-12-27 13:39
thomas partey,84,0.0,CL,2020-12-27 13:39
douglas costa,84,0.0,CL,2020-12-27 13:39
ander capa rodriguez,85,0.0,FUT Freeze,2020-12-27 13:39
ronald koeman,91,0.0,Icon,2020-12-27 13:39
andy delort,86,1.0,Ligue,2020-12-27 13:39
jonathan bamba,86,1.0,Ligue,2020-12-27 13:39
ibrahima niane,84,1.0,Ligue,2020-12-27 13:39
geronimo rulli,82,750.0,Rare,2020-12-27 13:39
gianluigi buffon,82,750.0,CL,2020-12-27 13:39
fernando muslera,82,750.0,Rare,2020-12-27 13:39
mike maignan,82,750.0,Rare,2020-12-27 13:39
david soria solis,82,750.0,Non-Rare,2020-12-27 13:39
jiři pavlenka,82,750.0,Rare,2020-12-27 13:39
oliver baumann,82,800.0,Rare,2020-12-27 13:39
marko arnautovic,82,800.0,Rare,2020-12-27 13:39
sergio asenjo andres,82,800.0,Rare,2020-12-27 13:39
tomas vaclik,82,850.0,Rare,2020-12-27 13:39
mattia perin,82,850.0,Rare,2020-12-27 13:39
fernando pacheco flores,82,850.0,Rare,2020-12-27 13:39
aaron ramsey,82,850.0,Rare,2020-12-27 13:39
danilo luis helio pereira,82,850.0,Rare,2020-12-27 13:39
konrad laimer,82,850.0,Rare,2020-12-27 13:39
gianluigi buffon,82,850.0,Rare,2020-12-27 13:39
mario figueira fernandes,82,850.0,Rare,2020-12-27 13:39
aaron ramsey,82,850.0,CL,2020-12-27 13:39
tomas vaclik,82,850.0,CL,2020-12-27 13:39
kepa arrizabalaga,82,900.0,CL,2020-12-27 13:39
quincy promes,82,900.0,Rare,2020-12-27 13:39
mesut ozil,82,900.0,Rare,2020-12-27 13:39
ivan perisic,82,900.0,Rare,2020-12-27 13:39
willian borges da silva,82,900.0,Rare,2020-12-27 13:39
andrej kramaric,82,900.0,Rare,2020-12-27 13:39
kepa arrizabalaga,82,900.0,Rare,2020-12-27 13:39
quincy promes,82,900.0,CL,2020-12-27 13:39
anderson talisca,82,900.0,Rare,2020-12-27 13:39
ruben diogo da silva neves,82,900.0,Rare,2020-12-27 13:39
nicolas pepe,82,950.0,Rare,2020-12-27 13:39
james rodriguez,82,950.0,Rare,2020-12-27 13:39
marcel halstenberg,82,950.0,Rare,2020-12-27 13:39
yannick carrasco,82,950.0,Rare,2020-12-27 13:39
ivan rakitic,82,1000.0,CL,2020-12-27 13:39
agustin marchesin,82,1000.0,Non-Rare,2020-12-27 13:39
dimitri payet,82,1000.0,Rare,2020-12-27 13:39
giovani lo celso,82,1000.0,Rare,2020-12-27 13:39
marco asensio,82,1000.0,CL,2020-12-27 13:39
agustin marchesin,82,1000.0,CL,2020-12-27 13:39
lars bender,82,1000.0,Rare,2020-12-27 13:39
ivan rakitic,82,1000.0,Rare,2020-12-27 13:39
marcel halstenberg,82,1000.0,CL,2020-12-27 13:39
konrad laimer,82,1000.0,CL,2020-12-27 13:39
ivan perisic,82,1000.0,CL,2020-12-27 13:39
dimitri payet,82,1000.0,CL,2020-12-27 13:39
yannick carrasco,82,1100.0,CL,2020-12-27 13:39
lucas ocampos,82,1100.0,Rare,2020-12-27 13:39
lucas ocampos,82,1100.0,CL,2020-12-27 13:39
marco asensio,82,1100.0,Rare,2020-12-27 13:39
sergio canales madrazo,82,1200.0,Rare,2020-12-27 13:39
florian thauvin,82,1200.0,Rare,2020-12-27 13:39
angel correa,82,1200.0,Rare,2020-12-27 13:39
matthias ginter,82,1200.0,Rare,2020-12-27 13:39
fabian ruiz pena,82,1200.0,Rare,2020-12-27 13:39
angel correa,82,1200.0,CL,2020-12-27 13:39
aleksandar kolarov,82,1300.0,Rare,2020-12-27 13:39
daley blind,82,1300.0,CL,2020-12-27 13:39
dakonam djene,82,1300.0,Rare,2020-12-27 13:39
florian thauvin,82,1300.0,CL,2020-12-27 13:39
norberto murara neto,82,1300.0,Rare,2020-12-27 13:39
emre can,82,1300.0,Rare,2020-12-27 13:39
aleksandar kolarov,82,1300.0,CL,2020-12-27 13:39
norberto murara neto,82,1300.0,CL,2020-12-27 13:39
emre can,82,1300.0,CL,2020-12-27 13:39
daley blind,82,1300.0,Rare,2020-12-27 13:39
gabriel armando de abreu,82,1300.0,Rare,2020-12-27 13:39
karim bellarabi,82,1400.0,Rare,2020-12-27 13:39
jerôme boateng,82,1400.0,CL,2020-12-27 13:39
marcos llorente,82,1400.0,Rare,2020-12-27 13:39
jerôme boateng,82,1400.0,Rare,2020-12-27 13:39
matthias ginter,82,1400.0,CL,2020-12-27 13:39
joao felix sequeira,81,1500.0,Rare,2020-12-27 13:39
marcos llorente,82,1500.0,CL,2020-12-27 13:39
harry maguire,82,1600.0,Rare,2020-12-27 13:39
harry maguire,82,1600.0,CL,2020-12-27 13:39
lucas hernandez,82,1700.0,CL,2020-12-27 13:39
lopes,83,1700.0,Rare,2020-12-27 13:39
koen casteels,83,1700.0,Rare,2020-12-27 13:39
thomas strakosha,83,1700.0,Rare,2020-12-27 13:39
lucas hernandez,82,1700.0,Rare,2020-12-27 13:39
steve mandanda,83,1800.0,Rare,2020-12-27 13:39
carlos vela,83,1800.0,Rare,2020-12-27 13:39
robin gosens,82,1800.0,CL,2020-12-27 13:39
aitor fernandez,83,1800.0,Rare,2020-12-27 13:39
kevin trapp,83,1800.0,Rare,2020-12-27 13:39
lukas hradeckc,83,1800.0,Rare,2020-12-27 13:39
ever banega,83,1800.0,Rare,2020-12-27 13:39
pau lopez sabata,83,1800.0,Rare,2020-12-27 13:39
robin gosens,82,1800.0,Rare,2020-12-27 13:39
steve mandanda,83,1800.0,CL,2020-12-27 13:39
edin visca,83,1800.0,Rare,2020-12-27 13:39
rafa,83,1900.0,Rare,2020-12-27 13:39
dusan tadic,83,1900.0,Rare,2020-12-27 13:39
blaise matuidi,83,1900.0,Rare,2020-12-27 13:39
oscar dos santos emboaba,83,1900.0,Rare,2020-12-27 13:39
martin odegaard,83,1900.0,Rare,2020-12-27 13:39
martin dubravka,83,1900.0,Rare,2020-12-27 13:39
edin dzeko,83,1900.0,Rare,2020-12-27 13:39
thomas strakosha,83,1900.0,CL,2020-12-27 13:39
zlatan ibrahimovic,83,1900.0,Rare,2020-12-27 13:39
renato augusto,83,2000.0,Rare,2020-12-27 13:39
dusan tadic,83,2000.0,CL,2020-12-27 13:39
filip kostic,83,2000.0,Rare,2020-12-27 13:39
martin odegaard,83,2000.0,CL,2020-12-27 13:39
paulinho,83,2000.0,Rare,2020-12-27 13:39
thorgan hazard,83,2100.0,CL,2020-12-27 13:39
edin visca,83,2100.0,CL,2020-12-27 13:39
nabil fekir,83,2100.0,Rare,2020-12-27 13:39
charles aranguiz,83,2100.0,Rare,2020-12-27 13:39
duvan zapata,83,2100.0,Rare,2020-12-27 13:39
duvan zapata,83,2100.0,CL,2020-12-27 13:39
mateo kovacic,83,2200.0,Rare,2020-12-27 13:39
marcos acuna,83,2300.0,CL,2020-12-27 13:39
thorgan hazard,83,2300.0,Rare,2020-12-27 13:39
mateo kovacic,83,2300.0,CL,2020-12-27 13:39
donny van de beek,83,2300.0,CL,2020-12-27 13:39
dele alli,83,2400.0,Rare,2020-12-27 13:39
nick pope,82,2400.0,Rare,2020-12-27 13:39
marcel sabitzer,83,2400.0,Rare,2020-12-27 13:39
donny van de beek,83,2400.0,Rare,2020-12-27 13:39
jan vertonghen,83,2400.0,Rare,2020-12-27 13:39
denis zakaria,83,2500.0,Rare,2020-12-27 13:39
luiz frello filho jorge,83,2500.0,Rare,2020-12-27 13:39
radja nainggolan,83,2500.0,Rare,2020-12-27 13:39
luiz frello filho jorge,83,2500.0,CL,2020-12-27 13:39
joao moutinho,83,2500.0,Rare,2020-12-27 13:39
coutinho,83,2500.0,Rare,2020-12-27 13:39
fernando reges,83,2500.0,Rare,2020-12-27 13:39
radja nainggolan,83,2500.0,CL,2020-12-27 13:39
ilkay gundogan,83,2600.0,Rare,2020-12-27 13:39
fernando reges,83,2600.0,CL,2020-12-27 13:39
coutinho,83,2700.0,CL,2020-12-27 13:39
denis zakaria,83,2700.0,CL,2020-12-27 13:39
ilkay gundogan,83,2700.0,CL,2020-12-27 13:39
rodrigo moreno machado,82,2700.0,Rare,2020-12-27 13:39
iker muniain goni,83,2700.0,Rare,2020-12-27 13:39
marcel sabitzer,83,2900.0,CL,2020-12-27 13:39
achraf hakimi,83,2900.0,Rare,2020-12-27 13:39
jose luis gaya pena,83,3000.0,Rare,2020-12-27 13:39
yuri berchiche izeta,83,3000.0,Rare,2020-12-27 13:39
marcelo,83,3000.0,CL,2020-12-27 13:39
achraf hakimi,83,3000.0,CL,2020-12-27 13:39
kieran trippier,83,3100.0,Rare,2020-12-27 13:39
marcelo,83,3100.0,Rare,2020-12-27 13:39
cristian portugues manzanera,83,3300.0,Rare,2020-12-27 13:39
kostas manolas,83,3300.0,Rare,2020-12-27 13:39
kieran trippier,83,3400.0,CL,2020-12-27 13:39
sergi roberto carnicer,83,3400.0,Rare,2020-12-27 13:39
sergi roberto carnicer,83,3500.0,CL,2020-12-27 13:39
bernat,83,3500.0,Rare,2020-12-27 13:39
bernat,83,3500.0,CL,2020-12-27 13:39
arturo vidal,83,3500.0,CL,2020-12-27 13:39
francesco acerbi,83,3800.0,Rare,2020-12-27 13:39
alessio romagnoli,83,3900.0,Rare,2020-12-27 13:39
steven bergwijn,83,3900.0,Rare,2020-12-27 13:39
alexandre lacazette,83,3900.0,Rare,2020-12-27 13:39
morata,82,3900.0,Rare,2020-12-27 13:39
federico valverde,83,4000.0,Rare,2020-12-27 13:39
allan marques loureiro,83,4000.0,Rare,2020-12-27 13:39
francesco acerbi,83,4100.0,CL,2020-12-27 13:39
samuel umtiti,83,4200.0,CL,2020-12-27 13:39
samuel umtiti,83,4200.0,Rare,2020-12-27 13:39
wilfried zaha,83,4500.0,Rare,2020-12-27 13:39
joel matip,83,4700.0,CL,2020-12-27 13:39
joel matip,83,4700.0,Rare,2020-12-27 13:39
davinson sanchez,81,4700.0,Rare,2020-12-27 13:39
joao cancelo,83,4900.0,Rare,2020-12-27 13:39
diego carlos santos silva,83,5000.0,Rare,2020-12-27 13:39
alvaro borja morata martin,82,5000.0,CL,2020-12-27 13:39
raul albiol tortajada,82,5200.0,Non-Rare,2020-12-27 13:39
aaron wan-bissaka,83,5200.0,Rare,2020-12-27 13:39
joao cancelo,83,5200.0,CL,2020-12-27 13:39
federico valverde,83,5400.0,CL,2020-12-27 13:39
aaron wan-bissaka,83,5700.0,CL,2020-12-27 13:39
diego carlos santos silva,83,5900.0,CL,2020-12-27 13:39
gabriel jesus,83,6400.0,Rare,2020-12-27 13:39
gabriel jesus,83,6500.0,CL,2020-12-27 13:39
andre onana,84,7100.0,CL,2020-12-27 13:39
roman burki,84,7200.0,Rare,2020-12-27 13:39
salvatore sirigu,84,7200.0,Rare,2020-12-27 13:39
axel witsel,84,7300.0,Rare,2020-12-27 13:39
roman burki,84,7400.0,CL,2020-12-27 13:39
lucas,83,7400.0,Rare,2020-12-27 13:39
jesus corona,84,7400.0,CL,2020-12-27 13:39
idrissa gueye,84,7400.0,Rare,2020-12-27 13:39
jesus corona,84,7500.0,Rare,2020-12-27 13:39
marcelo brozovic,84,7700.0,CL,2020-12-27 13:39
nicolas tagliafico,84,7700.0,CL,2020-12-27 13:39
axel witsel,84,7700.0,CL,2020-12-27 13:39
nicolas tagliafico,84,7800.0,Rare,2020-12-27 13:39
guerreiro,84,7800.0,Rare,2020-12-27 13:39
marcelo brozovic,84,7800.0,Rare,2020-12-27 13:39
lucas pezzini leiva,84,7800.0,CL,2020-12-27 13:39
arthur henrique ramos oliveira melo,84,7900.0,Rare,2020-12-27 13:39
oyarzabal,84,7900.0,Rare,2020-12-27 13:39
guerreiro,84,7900.0,CL,2020-12-27 13:39
isco,84,7900.0,Rare,2020-12-27 13:39
pizzi,84,7900.0,Rare,2020-12-27 13:39
lucas pezzini leiva,84,7900.0,Rare,2020-12-27 13:39
idrissa gueye,84,7900.0,CL,2020-12-27 13:39
thomas partey,84,7900.0,Rare,2020-12-27 13:39
rui patricio,84,8000.0,Rare,2020-12-27 13:39
azpilicueta,84,8000.0,CL,2020-12-27 13:39
douglas costa,84,8000.0,Rare,2020-12-27 13:39
azpilicueta,84,8000.0,Rare,2020-12-27 13:39
arthur henrique ramos oliveira melo,84,8000.0,CL,2020-12-27 13:39
wilfred ndidi,84,8000.0,Rare,2020-12-27 13:39
kingsley coman,84,8000.0,Rare,2020-12-27 13:39
grimaldo,84,8000.0,Rare,2020-12-27 13:39
kingsley coman,84,8000.0,CL,2020-12-27 13:39
gerard moreno balaguero,83,8200.0,Rare,2020-12-27 13:39
isco,84,8200.0,CL,2020-12-27 13:39
ousmane dembele,83,8600.0,Rare,2020-12-27 13:39
lucas digne,84,8600.0,Rare,2020-12-27 13:39
alex telles,84,8700.0,Rare,2020-12-27 13:39
jesus navas,84,8700.0,Rare,2020-12-27 13:39
jesus navas,84,8700.0,CL,2020-12-27 13:39
jose maria gimenez,84,8800.0,CL,2020-12-27 13:39
jose maria gimenez,84,8800.0,Rare,2020-12-27 13:39
saul niguez esclapez,84,8800.0,Rare,2020-12-27 13:39
raul jimenez,84,8800.0,Rare,2020-12-27 13:39
saul niguez esclapez,84,8900.0,CL,2020-12-27 13:39
stefan de vrij,84,9200.0,Rare,2020-12-27 13:39
ousmane dembele,83,9200.0,CL,2020-12-27 13:39
wissam ben yedder,84,9300.0,Rare,2020-12-27 13:39
andre onana,84,9600.0,Rare,2020-12-27 13:39
josip ilicic,84,9600.0,Rare,2020-12-27 13:39
josip ilicic,84,9600.0,CL,2020-12-27 13:39
lautaro martinez,84,9700.0,CL,2020-12-27 13:39
iago aspas,84,9700.0,Rare,2020-12-27 13:39
stefan de vrij,84,9700.0,CL,2020-12-27 13:39
leon goretzka,84,9800.0,CL,2020-12-27 13:39
david alaba,84,9800.0,Rare,2020-12-27 13:39
lautaro martinez,84,9800.0,Rare,2020-12-27 13:39
julian brandt,84,9800.0,Rare,2020-12-27 13:39
felipe,84,9800.0,CL,2020-12-27 13:39
felipe,84,9900.0,Rare,2020-12-27 13:39
fernandinho,84,9900.0,Rare,2020-12-27 13:39
leon goretzka,84,9900.0,Rare,2020-12-27 13:39
kasper schmeichel,84,9900.0,Rare,2020-12-27 13:39
niklas sule,84,10000.0,CL,2020-12-27 13:39
fernandinho,84,10000.0,CL,2020-12-27 13:39
niklas sule,84,10000.0,Rare,2020-12-27 13:39
teun koopmeiners,82,10500.0,IF,2020-12-27 13:39
nico elvedi,82,10750.0,TOTGS,2020-12-27 13:39
domagoj vida,82,11000.0,IF,2020-12-27 13:39
yusuf yazici,84,11000.0,eTOTGS,2020-12-27 13:39
benoît costil,82,11500.0,IF,2020-12-27 13:39
emiliano martinez,82,11500.0,IF,2020-12-27 13:39
thiago silva,86,11600.0,OTW SBC,2020-12-27 13:39
yerry mina,82,11750.0,IF,2020-12-27 13:39
ruben aguilar,82,11750.0,IF,2020-12-27 13:39
pablo nascimento castro,82,12000.0,IF,2020-12-27 13:39
andre miguel valente da silva,82,12000.0,IF,2020-12-27 13:39
michael keane,82,12000.0,IF,2020-12-27 13:39
ondrej kolar,82,12000.0,IF,2020-12-27 13:39
erling haaland,84,12750.0,Rare,2020-12-27 13:39
florian neuhaus,82,12750.0,IF,2020-12-27 13:39
dario benedetto,82,12750.0,IF,2020-12-27 13:39
antony matheus dos santos,82,12750.0,IF,2020-12-27 13:39
scott mctominay,82,13000.0,IF,2020-12-27 13:39
rafael alcântara,82,13000.0,IF,2020-12-27 13:39
jean-pierre nsame,82,13000.0,IF,2020-12-27 13:39
andy delort,82,13000.0,IF,2020-12-27 13:39
pierre lees-melou,82,13000.0,IF,2020-12-27 13:39
hugo mallo novegil,82,13250.0,IF,2020-12-27 13:39
emil forsberg,82,13750.0,IF,2020-12-27 13:39
krzysztof piatek,82,14000.0,IF,2020-12-27 13:39
diego perotti,82,14000.0,IF,2020-12-27 13:39
camilo vargas,82,14000.0,IF,2020-12-27 13:39
milan skriniar,85,14000.0,CL,2020-12-27 13:39
karl toko-ekambi,82,14250.0,IF,2020-12-27 13:39
alvaro borja morata martin,84,14250.0,TOTGS,2020-12-27 13:39
hamari traore,82,14500.0,IF,2020-12-27 13:39
maximilian arnold,82,14500.0,IF,2020-12-27 13:39
miralem pjanic,85,14750.0,Rare,2020-12-27 13:39
jordan amavi,82,15000.0,IF,2020-12-27 13:39
frenkie de jong,85,15000.0,Rare,2020-12-27 13:39
memphis depay,85,15000.0,Rare,2020-12-27 13:39
rodrigo,85,15000.0,CL,2020-12-27 13:39
sergej milinkovic-savic,85,15000.0,Rare,2020-12-27 13:39
erling haaland,84,15000.0,CL,2020-12-27 13:39
dusan tadic,85,15000.0,UEL Live,2020-12-27 13:39
peter gulacsi,85,15250.0,CL,2020-12-27 13:39
peter gulacsi,85,15250.0,Rare,2020-12-27 13:39
vladimir coufal,82,15250.0,IF,2020-12-27 13:39
frenkie de jong,85,15250.0,CL,2020-12-27 13:39
milan skriniar,85,15250.0,Rare,2020-12-27 13:39
hakim ziyech,85,15250.0,Rare,2020-12-27 13:39
kai havertz,85,15500.0,Rare,2020-12-27 13:39
dries mertens,85,15500.0,Rare,2020-12-27 13:39
rodrigo,85,15500.0,Rare,2020-12-27 13:39
francesco acerbi,85,15500.0,TOTGS,2020-12-27 13:39
leonardo bonucci,85,15500.0,Rare,2020-12-27 13:39
marco reus,85,15500.0,Rare,2020-12-27 13:39
gianluigi donnarumma,85,15500.0,Rare,2020-12-27 13:39
kai havertz,85,15750.0,CL,2020-12-27 13:39
gabriel dos s. magalhaes,82,15750.0,IF,2020-12-27 13:39
matheus santos carneiro da cunha,82,15750.0,IF,2020-12-27 13:39
hakim ziyech,85,15750.0,CL,2020-12-27 13:39
matthijs de ligt,85,15750.0,Rare,2020-12-27 13:39
leonardo bonucci,85,15750.0,CL,2020-12-27 13:39
lars stindl,83,15750.0,IF,2020-12-27 13:39
matthijs de ligt,85,16000.0,CL,2020-12-27 13:39
daniel olmo carvajal,82,16000.0,IF,2020-12-27 13:39
serge gnabry,85,16000.0,CL,2020-12-27 13:39
serge gnabry,85,16000.0,Rare,2020-12-27 13:39
arthur henrique ramos oliveira melo,84,16000.0,OTW,2020-12-27 13:39
miralem pjanic,85,16000.0,CL,2020-12-27 13:39
leroy sane,85,16000.0,CL,2020-12-27 13:39
koke,85,16000.0,Rare,2020-12-27 13:39
leroy sane,85,16250.0,Rare,2020-12-27 13:39
victor osimhen,82,16250.0,IF,2020-12-27 13:39
thiago,85,16250.0,CL,2020-12-27 13:39
alex sandro,85,16250.0,Rare,2020-12-27 13:39
riyad mahrez,85,16250.0,Rare,2020-12-27 13:39
marco reus,85,16250.0,CL,2020-12-27 13:39
thiago silva,85,16500.0,Rare,2020-12-27 13:39
toby alderweireld,85,16500.0,Rare,2020-12-27 13:39
romelu lukaku,85,16500.0,CL,2020-12-27 13:39
christian eriksen,85,16500.0,Rare,2020-12-27 13:39
riyad mahrez,85,16500.0,CL,2020-12-27 13:39
callum wilson,82,16500.0,IF,2020-12-27 13:39
thiago silva,85,16500.0,CL,2020-12-27 13:39
luis alberto,85,16500.0,CL,2020-12-27 13:39
victor osimhen,82,16500.0,OTW,2020-12-27 13:39
luis alberto,85,16500.0,Rare,2020-12-27 13:39
andre carrillo,82,16500.0,IF,2020-12-27 13:39
parejo,85,16750.0,Rare,2020-12-27 13:39
michy batshuayi,82,16750.0,IF,2020-12-27 13:39
koke,85,16750.0,CL,2020-12-27 13:39
ricardo pereira,85,16750.0,Rare,2020-12-27 13:39
sergej milinkovic-savic,85,16750.0,CL,2020-12-27 13:39
bernd leno,85,17000.0,Rare,2020-12-27 13:39
christian eriksen,85,17000.0,CL,2020-12-27 13:39
takefusa kubo,84,17000.0,UEL Live,2020-12-27 13:39
gylfi sigurðsson,82,17000.0,IF,2020-12-27 13:39
otavio edmilson da silva monteiro,83,17000.0,IF,2020-12-27 13:39
romelu lukaku,85,17000.0,Rare,2020-12-27 13:39
gervais yao kouassi,82,17250.0,IF,2020-12-27 13:39
francesco caputo,82,17250.0,IF,2020-12-27 13:39
joao pedro g. santos galvao,82,17250.0,IF,2020-12-27 13:39
olivier giroud,82,18000.0,IF,2020-12-27 13:39
ricardo rodriguez,83,18000.0,FUT Freeze,2020-12-27 13:39
marquinhos,85,18000.0,Rare,2020-12-27 13:39
manuel lazzari,84,18000.0,Halloween,2020-12-27 13:39
denzel dumfries,82,18000.0,IF,2020-12-27 13:39
blaise matuidi,83,18100.0,OTW SBC,2020-12-27 13:39
enis bardhi,82,18250.0,IF,2020-12-27 13:39
chris smalling,82,18500.0,IF,2020-12-27 13:39
clement lenglet,85,18750.0,Rare,2020-12-27 13:39
marquinhos,85,19000.0,CL,2020-12-27 13:39
daniel olmo carvajal,84,19000.0,IF,2020-12-27 13:39
clement lenglet,85,19000.0,CL,2020-12-27 13:39
james ward-prowse,82,19500.0,IF,2020-12-27 13:39
andrea consigli,84,19750.0,IF,2020-12-27 13:39
alessandro florenzi,84,19750.0,OTW,2020-12-27 13:39
james tavernier,84,20000.0,IF,2020-12-27 13:39
ricardo sousa esgaio,82,20000.0,IF,2020-12-27 13:39
youssef el arabi,82,20000.0,IF,2020-12-27 13:39
cristian tello herrera,82,20000.0,IF,2020-12-27 13:39
salif sane,83,20000.0,FUT Freeze,2020-12-27 13:39
youssef el arabi,84,20250.0,IF,2020-12-27 13:39
nikola vlasic,83,20250.0,IF,2020-12-27 13:39
anthony martial,84,20750.0,Rare,2020-12-27 13:39
carlos soler barragan,84,20750.0,IF,2020-12-27 13:39
carlos soler barragan,82,20750.0,IF,2020-12-27 13:39
jason denayer,82,20750.0,IF,2020-12-27 13:39
james rodriguez,84,20750.0,OTW SBC,2020-12-27 13:39
fabian ruiz pena,84,21000.0,IF,2020-12-27 13:39
jose miguel da rocha fonte,82,21250.0,IF,2020-12-27 13:39
morgan sanson,82,21500.0,UCL Live,2020-12-27 13:39
martin odegaard,85,21500.0,OTW,2020-12-27 13:39
carlos tevez,82,21500.0,MOTM,2020-12-27 13:39
wout weghorst,84,21750.0,IF,2020-12-27 13:39
anthony martial,84,22000.0,CL,2020-12-27 13:39
jonathan bamba,82,22500.0,IF,2020-12-27 13:39
georginio wijnaldum,85,22500.0,Rare,2020-12-27 13:39
pierre-emile hojbjerg,83,22750.0,IF,2020-12-27 13:39
jordi alba,86,23000.0,Rare,2020-12-27 13:39
david silva,86,23000.0,Rare,2020-12-27 13:39
thomas muller,86,23000.0,CL,2020-12-27 13:39
georginio wijnaldum,85,23000.0,CL,2020-12-27 13:39
matthias ginter,84,23000.0,IF,2020-12-27 13:39
de gea,86,23000.0,CL,2020-12-27 13:39
marco verratti,86,23250.0,Rare,2020-12-27 13:39
thomas muller,86,23250.0,Rare,2020-12-27 13:39
de gea,86,23250.0,Rare,2020-12-27 13:39
marco verratti,86,23250.0,CL,2020-12-27 13:39
jordi alba,86,23500.0,CL,2020-12-27 13:39
jamie vardy,86,23500.0,Rare,2020-12-27 13:39
yann sommer,86,23500.0,Rare,2020-12-27 13:39
alejandro gomez,86,24000.0,Rare,2020-12-27 13:39
carvajal,86,24000.0,Rare,2020-12-27 13:39
domenico berardi,83,24000.0,IF,2020-12-27 13:39
martin hinteregger,83,24500.0,IF,2020-12-27 13:39
yann sommer,86,24500.0,CL,2020-12-27 13:39
alexandr golovin,83,24500.0,FUT Freeze,2020-12-27 13:39
alessandro florenzi,84,25000.0,IF,2020-12-27 13:39
jack grealish,83,25000.0,IF,2020-12-27 13:39
joe gomez,83,25000.0,Rare,2020-12-27 13:39
mario rui silva duarte,82,25000.0,IF,2020-12-27 13:39
carvajal,86,25000.0,CL,2020-12-27 13:39
danny ings,83,25000.0,IF,2020-12-27 13:39
marcel halstenberg,84,25750.0,IF,2020-12-27 13:39
alejandro gomez,86,26000.0,CL,2020-12-27 13:39
kevin volland,84,26250.0,IF,2020-12-27 13:39
joe gomez,83,26250.0,CL,2020-12-27 13:39
mats hummels,86,27000.0,Rare,2020-12-27 13:39
andres iniesta lujan,84,27000.0,IF,2020-12-27 13:39
walter benitez,84,27500.0,IF,2020-12-27 13:39
gerard moreno balaguero,85,27500.0,IF,2020-12-27 13:39
mats hummels,86,27500.0,CL,2020-12-27 13:39
ben chilwell,84,27500.0,IF,2020-12-27 13:39
ibrahima konate,82,27500.0,IF,2020-12-27 13:39
pique,86,27750.0,Rare,2020-12-27 13:39
jordan henderson,86,28000.0,CL,2020-12-27 13:39
taison barcellos freda,84,28000.0,UCL Live,2020-12-27 13:39
james rodriguez,84,28000.0,IF,2020-12-27 13:39
henrikh mkhitaryan,85,28000.0,IF,2020-12-27 13:39
jordan henderson,86,28500.0,Rare,2020-12-27 13:39
nani,84,28750.0,FUT Freeze,2020-12-27 13:39
pique,86,28750.0,CL,2020-12-27 13:39
angel luis rodriguez diaz,82,28750.0,IF,2020-12-27 13:39
henrikh mkhitaryan,83,28750.0,IF,2020-12-27 13:39
andrea belotti,83,29000.0,IF,2020-12-27 13:39
max kruse,84,29000.0,IF,2020-12-27 13:39
achraf hakimi,85,29000.0,OTW,2020-12-27 13:39
kieran trippier,85,29250.0,IF,2020-12-27 13:39
joaquin sanchez rodriguez,83,29750.0,IF,2020-12-27 13:39
keylor navas,87,29750.0,Rare,2020-12-27 13:39
andrew robertson,87,29750.0,Rare,2020-12-27 13:39
hugo lloris,87,30000.0,Rare,2020-12-27 13:39
jadon sancho,87,30000.0,CL,2020-12-27 13:39
luka modric,87,30000.0,Rare,2020-12-27 13:39
trent alexander-arnold,87,30000.0,Rare,2020-12-27 13:39
ike opara,82,30250.0,Halloween,2020-12-27 13:39
roberto firmino,87,30500.0,Rare,2020-12-27 13:39
youcef atal,82,30700.0,UEL Live SBC,2020-12-27 13:39
jadon sancho,87,30750.0,Rare,2020-12-27 13:39
roberto firmino,87,31000.0,CL,2020-12-27 13:39
denzel dumfries,83,31000.0,Halloween,2020-12-27 13:39
lukasz fabianski,84,31000.0,IF,2020-12-27 13:39
antoine griezmann,87,31000.0,Rare,2020-12-27 13:39
achraf hakimi,85,31000.0,IF,2020-12-27 13:39
mauro icardi,87,31000.0,UCL Live,2020-12-27 13:39
donny van de beek,83,31250.0,OTW,2020-12-27 13:39
wojciech szczesny,87,31250.0,Rare,2020-12-27 13:39
antoine griezmann,87,31250.0,CL,2020-12-27 13:39
wojciech szczesny,87,31500.0,CL,2020-12-27 13:39
luka modric,87,31500.0,CL,2020-12-27 13:39
fabinho,87,31500.0,Rare,2020-12-27 13:39
fabinho,87,31500.0,CL,2020-12-27 13:39
lukas hradeckc,85,31750.0,IF,2020-12-27 13:39
aymeric laporte,87,32000.0,Rare,2020-12-27 13:39
keylor navas,87,32000.0,CL,2020-12-27 13:39
sergi roberto carnicer,85,32000.0,IF,2020-12-27 13:39
bernardo silva,87,32000.0,Rare,2020-12-27 13:39
bernardo silva,87,32000.0,CL,2020-12-27 13:39
angel di maria,87,32250.0,CL,2020-12-27 13:39
andrew robertson,87,32250.0,CL,2020-12-27 13:39
ciro immobile,87,32250.0,Rare,2020-12-27 13:39
aymeric laporte,87,32500.0,CL,2020-12-27 13:39
angel di maria,87,32500.0,Rare,2020-12-27 13:39
ciro immobile,87,32500.0,CL,2020-12-27 13:39
ferland mendy,83,32750.0,Rare,2020-12-27 13:39
alessio romagnoli,85,32750.0,IF,2020-12-27 13:39
grimaldo,87,33000.0,UEL Live,2020-12-27 13:39
martin odegaard,85,33000.0,IF,2020-12-27 13:39
sergio busquets,87,33000.0,CL,2020-12-27 13:39
sergio busquets,87,33000.0,Rare,2020-12-27 13:39
fernando reges,85,33250.0,IF,2020-12-27 13:39
koen casteels,85,33250.0,IF,2020-12-27 13:39
ferland mendy,83,33500.0,CL,2020-12-27 13:39
arturo vidal,85,33500.0,IF,2020-12-27 13:39
zlatan ibrahimovic,85,33750.0,IF,2020-12-27 13:39
ivan perisic,84,34250.0,UCL Live,2020-12-27 13:39
josip ilicic,86,34500.0,IF,2020-12-27 13:39
lopes,86,34750.0,IF,2020-12-27 13:39
heung min son,87,35000.0,Rare,2020-12-27 13:39
paulinho,85,35000.0,IF,2020-12-27 13:39
yannick carrasco,84,35750.0,IF,2020-12-27 13:39
trent alexander-arnold,87,36500.0,CL,2020-12-27 13:39
alvaro borja morata martin,86,37000.0,IF,2020-12-27 13:39
ederson,88,37000.0,Rare,2020-12-27 13:39
luis suarez,87,37000.0,CL,2020-12-27 13:39
timo werner,85,37500.0,Rare,2020-12-27 13:39
ederson,88,38000.0,CL,2020-12-27 13:39
luis alberto,86,38000.0,IF,2020-12-27 13:39
serge gnabry,86,38000.0,IF,2020-12-27 13:39
harry kane,88,38000.0,Rare,2020-12-27 13:39
benjamin mendy,84,38000.0,IF,2020-12-27 13:39
paulo dybala,88,38000.0,Rare,2020-12-27 13:39
raheem sterling,88,38500.0,Rare,2020-12-27 13:39
joshua kimmich,88,38500.0,Rare,2020-12-27 13:39
timo werner,85,38750.0,CL,2020-12-27 13:39
peter gulacsi,86,39000.0,IF,2020-12-27 13:39
paulo dybala,88,39000.0,CL,2020-12-27 13:39
hakim ziyech,86,39000.0,IF,2020-12-27 13:39
lucas digne,86,39000.0,IF,2020-12-27 13:39
christian eriksen,86,39250.0,IF,2020-12-27 13:39
joshua kimmich,88,39250.0,CL,2020-12-27 13:39
jesus corona,86,39500.0,IF,2020-12-27 13:39
hakan calhanoglu,83,39500.0,Halloween,2020-12-27 13:39
samir handanovic,88,39750.0,Rare,2020-12-27 13:39
toni kroos,88,39750.0,CL,2020-12-27 13:39
romelu lukaku,86,39750.0,IF,2020-12-27 13:39
toni kroos,88,40000.0,Rare,2020-12-27 13:39
sergej milinkovic-savic,86,40000.0,IF,2020-12-27 13:39
samir handanovic,88,40000.0,CL,2020-12-27 13:39
eden hazard,88,40500.0,Rare,2020-12-27 13:39
kalidou koulibaly,88,40750.0,Rare,2020-12-27 13:39
eden hazard,88,40750.0,CL,2020-12-27 13:39
keylor navas,88,41000.0,TOTGS,2020-12-27 13:39
fernando pacheco flores,86,42500.0,IF,2020-12-27 13:39
giorgio chiellini,87,42500.0,Rare,2020-12-27 13:39
bernd leno,86,44500.0,IF,2020-12-27 13:39
arturo vidal,85,44500.0,OTW,2020-12-27 13:39
guerreiro,86,44750.0,IF,2020-12-27 13:39
thiago silva,86,44750.0,IF,2020-12-27 13:39
allan marques loureiro,83,45000.0,OTW,2020-12-27 13:39
andrej kramaric,86,46150.0,Bundes POTM SBC,2020-12-27 13:39
nicolas pepe,84,46500.0,eTOTGS,2020-12-27 13:39
manuel neuer,89,47000.0,Rare,2020-12-27 13:39
sergio aguero,89,47000.0,Rare,2020-12-27 13:39
kyle walker,85,47250.0,Rare,2020-12-27 13:39
thibaut courtois,89,47500.0,CL,2020-12-27 13:39
alex moreno,84,47500.0,FUT Freeze,2020-12-27 13:39
dominic calvert-lewin,84,47750.0,PL POTM SBC,2020-12-27 13:39
iago aspas,86,47750.0,IF,2020-12-27 13:39
parejo,86,47750.0,IF,2020-12-27 13:39
manuel neuer,89,48000.0,CL,2020-12-27 13:39
thibaut courtois,89,48000.0,Rare,2020-12-27 13:39
casemiro,89,48250.0,Rare,2020-12-27 13:39
julian draxler,85,48500.0,UCL Live,2020-12-27 13:39
sergio aguero,89,48750.0,CL,2020-12-27 13:39
thiago,85,48750.0,OTW,2020-12-27 13:39
sergio ramos,89,49000.0,Rare,2020-12-27 13:39
casemiro,89,49250.0,CL,2020-12-27 13:39
thomas muller,87,49500.0,IF,2020-12-27 13:39
kyle walker,85,50000.0,CL,2020-12-27 13:39
karim benzema,89,50000.0,CL,2020-12-27 13:39
karim benzema,89,50000.0,Rare,2020-12-27 13:39
oyarzabal,86,50500.0,IF,2020-12-27 13:39
lucas torreira,85,50500.0,FUT Freeze,2020-12-27 13:39
alex telles,84,51000.0,OTW,2020-12-27 13:39
sergio ramos,89,52000.0,CL,2020-12-27 13:39
felipe anderson pereira gomes,86,52050.0,UCL Live SBC,2020-12-27 13:39
thomas delaney,84,53000.0,IF,2020-12-27 13:39
ollie watkins,84,53000.0,IF,2020-12-27 13:39
hassane kamara,83,53500.0,Halloween,2020-12-27 13:39
raheem sterling,88,54500.0,CL,2020-12-27 13:39
david silva,87,55000.0,IF,2020-12-27 13:39
jordan henderson,87,55000.0,IF,2020-12-27 13:39
aubameyang,87,55000.0,Rare,2020-12-27 13:39
mats hummels,87,55000.0,IF,2020-12-27 13:39
alisson,90,56500.0,Rare,2020-12-27 13:39
jason denayer,84,56850.0,Halloween SBC,2020-12-27 13:39
lorenzo insigne,86,57000.0,IF,2020-12-27 13:39
benjamin andre,83,57000.0,Halloween,2020-12-27 13:39
ter stegen,90,57500.0,CL,2020-12-27 13:39
alisson,90,58000.0,CL,2020-12-27 13:39
ter stegen,90,58000.0,Rare,2020-12-27 13:39
rodrigo moreno machado,82,59000.0,OTW,2020-12-27 13:39
hirving lozano,83,59500.0,IF,2020-12-27 13:39
yann sommer,87,60000.0,IF,2020-12-27 13:39
bruno fernandes,87,60000.0,Rare,2020-12-27 13:39
nelson semedo,83,62000.0,OTW,2020-12-27 13:39
diogo jota,83,62000.0,TOTGS,2020-12-27 13:39
lucas ocampos,85,62500.0,Halloween,2020-12-27 13:39
luis suarez,88,63000.0,IF,2020-12-27 13:39
gareth bale,83,64000.0,OTW,2020-12-27 13:39
erling haaland,86,64500.0,IF,2020-12-27 13:39
james maddison,84,64849.99999999999,eTOTGS SBC,2020-12-27 13:39
jules kounde,82,65000.0,IF,2020-12-27 13:39
samir handanovic,89,65000.0,IF,2020-12-27 13:39
toni kroos,89,65500.0,IF,2020-12-27 13:39
jose luis gaya pena,86,65600.0,FUT Freeze SBC,2020-12-27 13:39
anderson talisca,84,65800.0,Halloween SBC,2020-12-27 13:39
luis suarez,89,67000.0,IF,2020-12-27 13:39
hakim ziyech,86,67500.0,OTW,2020-12-27 13:39
jan oblak,91,67500.0,CL,2020-12-27 13:39
daniel podence,83,67500.0,Halloween,2020-12-27 13:39
robin gosens,85,69000.0,FUT Freeze,2020-12-27 13:39
jan oblak,91,69000.0,Rare,2020-12-27 13:39
oscar dos santos emboaba,86,69500.0,Record Breaker,2020-12-27 13:39
karim benzema,90,70000.0,IF,2020-12-27 13:39
kunde malong,83,70400.0,Halloween SBC,2020-12-27 13:39
joao felix sequeira,84,70500.0,IF,2020-12-27 13:39
robert lewandowski,91,71000.0,Rare,2020-12-27 13:39
bruno fernandes,87,72000.0,CL,2020-12-27 13:39
radamel falcao garcia zarate,87,72500.0,Record Breaker,2020-12-27 13:39
harry kane,89,73000.0,IF,2020-12-27 13:39
jonathan bamba,84,74500.0,IF,2020-12-27 13:39
isco,87,75450.0,UCL Live SBC,2020-12-27 13:39
alejandro gomez,87,76000.0,IF,2020-12-27 13:39
robert lewandowski,91,77000.0,CL,2020-12-27 13:39
carlos vela,87,77000.0,Record Breaker,2020-12-27 13:39
cesc fabregas,87,77500.0,Record Breaker,2020-12-27 13:39
luis muriel,84,78500.0,UCL Live,2020-12-27 13:39
mason mount,85,79150.0,UCL Live SBC,2020-12-27 13:39
sergej milinkovic-savic,87,81000.0,IF,2020-12-27 13:39
alex teixeira dos santos,82,82500.0,Hero,2020-12-27 13:39
luis suarez,89,82500.0,OTW,2020-12-27 13:39
ciro immobile,88,83650.0,TOTGS SBC,2020-12-27 13:39
lautaro martinez,86,84500.0,IF,2020-12-27 13:39
thomas partey,86,87000.0,IF,2020-12-27 13:39
erling haaland,87,88000.0,IF,2020-12-27 13:39
memphis depay,86,88000.0,IF,2020-12-27 13:39
ante rebic,84,89500.0,UEL Live,2020-12-27 13:39
julian brandt,87,90000.0,UCL Live,2020-12-27 13:39
thomas partey,86,91000.0,OTW,2020-12-27 13:39
marcus rashford,85,92000.0,Rare,2020-12-27 13:39
ederson,89,94000.0,IF,2020-12-27 13:39
laurent koscielny,86,95250.0,Flashback SBC,2020-12-27 13:39
presnel kimpembe,84,99000.0,IF,2020-12-27 13:39
marcus rashford,85,100000.0,CL,2020-12-27 13:39
trent alexander-arnold,88,100000.0,TOTGS,2020-12-27 13:39
gianluigi donnarumma,87,100000.0,Record Breaker,2020-12-27 13:39
raphael dias belloli,84,101000.0,IF,2020-12-27 13:39
emil forsberg,86,101900.0,Player Moments SBC,2020-12-27 13:39
hirving lozano,85,105000.0,IF,2020-12-27 13:39
riyad mahrez,86,106000.0,IF,2020-12-27 13:39
juan cuadrado,84,107000.0,IF,2020-12-27 13:39
karim benzema,91,107000.0,IF,2020-12-27 13:39
joshua kimmich,89,108000.0,IF,2020-12-27 13:39
lorenzo insigne,87,108000.0,UEL Live,2020-12-27 13:39
kevin de bruyne,91,109000.0,Rare,2020-12-27 13:39
antoine griezmann,88,109000.0,IF,2020-12-27 13:39
hector herrera,86,109100.0,UCL Live SBC,2020-12-27 13:39
leon bailey,84,112850.0,FUT Freeze SBC,2020-12-27 13:39
paul pogba,86,115000.0,Rare,2020-12-27 13:39
david silva,89,116000.0,Record Breaker,2020-12-27 13:39
bruno da silva peres,84,117000.0,UEL Live,2020-12-27 13:39
kevin de bruyne,91,119000.0,CL,2020-12-27 13:39
marco verratti,88,119000.0,FUT Freeze,2020-12-27 13:39
robert lewandowski,92,119000.0,IF,2020-12-27 13:39
theo hernandez,83,120000.0,IF,2020-12-27 13:39
paul pogba,86,120000.0,CL,2020-12-27 13:39
moussa diaby,86,120000.0,UEL Live,2020-12-27 13:39
leroy sane,85,122000.0,OTW,2020-12-27 13:39
joao cancelo,86,123000.0,UCL Live,2020-12-27 13:39
jamie vardy,87,126000.0,IF,2020-12-27 13:39
alex teixeira dos santos,83,127000.0,Halloween,2020-12-27 13:39
houssem aouar,86,127300.0,FUT Freeze SBC,2020-12-27 13:39
wilfried zaha,85,128000.0,IF,2020-12-27 13:39
romain alessandrini,85,128250.0,Flashback SBC,2020-12-27 13:39
cristian ansaldi,85,128850.0,FUT Freeze SBC,2020-12-27 13:39
kenny lala,85,129900.0,FUT Freeze SBC,2020-12-27 13:39
axel witsel,86,134750.0,Flashback SBC,2020-12-27 13:39
dayot upamecano,82,136000.0,IF,2020-12-27 13:39
matteo politano,85,138800.0,FUT Freeze SBC,2020-12-27 13:39
jesus navas,86,142850.0,FUT Freeze SBC,2020-12-27 13:39
konrad laimer,85,148800.0,FUT Freeze SBC,2020-12-27 13:39
alejandro gomez,88,151000.0,TOTGS,2020-12-27 13:39
marcos llorente,84,154000.0,IF,2020-12-27 13:39
thibaut courtois,90,155000.0,IF,2020-12-27 13:39
quincy promes,84,155000.0,UCL Live,2020-12-27 13:39
erling haaland,88,157000.0,TOTGS,2020-12-27 13:39
sergio ramos,90,158000.0,IF,2020-12-27 13:39
ihlas bebou,83,162000.0,UEL Live,2020-12-27 13:39
patrick van aanholt,83,162000.0,Halloween,2020-12-27 13:39
joao victor,84,162250.0,FUT Freeze SBC,2020-12-27 13:39
kai havertz,85,168000.0,OTW,2020-12-27 13:39
manuel neuer,90,168000.0,IF,2020-12-27 13:39
thorgan hazard,86,170000.0,FUT Freeze,2020-12-27 13:39
marcos acuna,86,171200.0,ShowDown SBC,2020-12-27 13:39
roberto firmino,88,173000.0,IF,2020-12-27 13:39
raheem sterling,89,174000.0,TOTGS,2020-12-27 13:39
ansu fati,86,174050.0,LaLiga POTM SBC,2020-12-27 13:39
alex sandro,87,176650.0,UCL Live SBC,2020-12-27 13:39
jamie vardy,88,177000.0,IF,2020-12-27 13:39
sami khedira,86,177400.0,Flashback SBC,2020-12-27 13:39
federico valverde,85,179000.0,IF,2020-12-27 13:39
michael laudrup,89,179000.0,Icon,2020-12-27 13:39
paul scholes,87,180000.0,Icon,2020-12-27 13:39
anderson luis de souza,85,180000.0,Icon,2020-12-27 13:39
christian vieri,86,181000.0,Icon,2020-12-27 13:39
henrik larsson,87,181000.0,Icon,2020-12-27 13:39
filippo inzaghi,87,182000.0,Icon,2020-12-27 13:39
hidetoshi nakata,86,182000.0,Icon,2020-12-27 13:39
anderson luis de souza,87,183000.0,Icon,2020-12-27 13:39
david trezeguet,86,183000.0,Icon,2020-12-27 13:39
jari litmanen,85,184000.0,Icon,2020-12-27 13:39
ryan giggs,87,184000.0,Icon,2020-12-27 13:39
ruud van nistelrooy,86,184000.0,Icon,2020-12-27 13:39
alan shearer,87,184000.0,Icon,2020-12-27 13:39
filippo inzaghi,85,185000.0,Icon,2020-12-27 13:39
michael owen,86,185000.0,Icon,2020-12-27 13:39
giorgio chiellini,89,185000.0,FUT Freeze,2020-12-27 13:39
hidetoshi nakata,85,185000.0,Icon,2020-12-27 13:39
ian wright,87,185000.0,Icon,2020-12-27 13:39
marquinhos,87,185950.0,FUT Freeze SBC,2020-12-27 13:39
gary lineker,87,187000.0,Icon,2020-12-27 13:39
rui manuel cesar costa,85,187000.0,Icon,2020-12-27 13:39
ryan giggs,89,188000.0,Icon,2020-12-27 13:39
jari litmanen,88,188000.0,Icon,2020-12-27 13:39
robert pires,88,188000.0,Icon,2020-12-27 13:39
christian vieri,88,188000.0,Icon,2020-12-27 13:39
michael laudrup,85,189000.0,Icon,2020-12-27 13:39
ronald koeman,85,189000.0,Icon,2020-12-27 13:39
riquelme,87,190000.0,Icon,2020-12-27 13:39
john barnes,87,190000.0,Icon,2020-12-27 13:39
patrick kluivert,86,190000.0,Icon,2020-12-27 13:39
robert pires,85,190000.0,Icon,2020-12-27 13:39
marc overmars,86,190000.0,Icon,2020-12-27 13:39
peter schmeichel,86,190000.0,Icon,2020-12-27 13:39
jose maria gimenez,86,191000.0,Halloween,2020-12-27 13:39
theo hernandez,85,191000.0,eTOTGS,2020-12-27 13:39
dennis bergkamp,87,192000.0,Icon,2020-12-27 13:39
memphis depay,87,192200.0,Player Moments SBC,2020-12-27 13:39
juan cuadrado,84,193000.0,Halloween,2020-12-27 13:39
miroslav klose,87,194000.0,Icon,2020-12-27 13:39
frank lampard,88,194000.0,Icon,2020-12-27 13:39
henrik larsson,86,194000.0,Icon,2020-12-27 13:39
raul gonzalez blanco,86,195000.0,Icon,2020-12-27 13:39
alan shearer,89,195000.0,Icon,2020-12-27 13:39
cristian portugues manzanera,86,195000.0,UEL Live,2020-12-27 13:39
romelu lukaku,87,196000.0,Halloween,2020-12-27 13:39
diego carlos santos silva,85,197000.0,TOTGS,2020-12-27 13:39
raphael varane,86,198000.0,Rare,2020-12-27 13:39
ian rush,87,199000.0,Icon,2020-12-27 13:39
ruud van nistelrooy,90,199000.0,Icon,2020-12-27 13:39
miroslav klose,89,200000.0,Icon,2020-12-27 13:39
filippo inzaghi,90,200000.0,Icon,2020-12-27 13:39
sadio mane,90,200000.0,Rare,2020-12-27 13:39
carles puyol saforcada,86,202000.0,Icon,2020-12-27 13:39
bobby moore,89,203000.0,Icon,2020-12-27 13:39
bobby moore,87,203000.0,Icon,2020-12-27 13:39
sadio mane,90,205000.0,CL,2020-12-27 13:39
raphael varane,86,207000.0,CL,2020-12-27 13:39
david trezeguet,89,208000.0,Icon,2020-12-27 13:39
wilfried zaha,86,208000.0,IF,2020-12-27 13:39
leon goretzka,86,209000.0,IF,2020-12-27 13:39
emmanuel petit,85,210000.0,Icon,2020-12-27 13:39
roy keane,86,210000.0,Icon,2020-12-27 13:39
adama,84,210350.0,FUT Freeze SBC,2020-12-27 13:39
juan sebastian veron,86,211000.0,Icon,2020-12-27 13:39
paul scholes,89,213000.0,Icon,2020-12-27 13:39
hirving lozano,86,213000.0,IF,2020-12-27 13:39
manuel akanji,84,213000.0,UCL Live,2020-12-27 13:39
andriy shevchenko,88,214000.0,Icon,2020-12-27 13:39
ian rush,89,215000.0,Icon,2020-12-27 13:39
virgil van dijk,90,215000.0,Rare,2020-12-27 13:39
virgil van dijk,90,218000.0,CL,2020-12-27 13:39
renato sanches,82,219000.0,IF,2020-12-27 13:39
jan oblak,93,219000.0,UCL Live,2020-12-27 13:39
denis zakaria,86,221000.0,UCL Live,2020-12-27 13:39
riquelme,89,223000.0,Icon,2020-12-27 13:39
marcos llorente,84,224000.0,Halloween,2020-12-27 13:39
jay-jay okocha,87,225000.0,Icon,2020-12-27 13:39
ian wright,85,226000.0,Icon,2020-12-27 13:39
franco baresi,88,227000.0,Icon,2020-12-27 13:39
patrick kluivert,88,227000.0,Icon,2020-12-27 13:39
john barnes,86,227000.0,Icon,2020-12-27 13:39
frank lampard,86,230000.0,Icon,2020-12-27 13:39
mohamed salah,90,234000.0,Rare,2020-12-27 13:39
wilfred ndidi,87,236000.0,UEL Live,2020-12-27 13:39
hernan crespo,85,237000.0,Icon,2020-12-27 13:39
robert lewandowski,93,237000.0,IF,2020-12-27 13:39
rui manuel cesar costa,88,238000.0,Icon,2020-12-27 13:39
timo werner,86,240000.0,IF,2020-12-27 13:39
ashley cole,87,245000.0,Icon,2020-12-27 13:39
serge gnabry,88,247500.0,FUT Freeze SBC,2020-12-27 13:39
marco van basten,91,248000.0,Icon,2020-12-27 13:39
alessandro nesta,88,248000.0,Icon,2020-12-27 13:39
mohamed salah,90,248000.0,CL,2020-12-27 13:39
frank rijkaard,86,250000.0,Icon,2020-12-27 13:39
n'golo kante,88,252000.0,Rare,2020-12-27 13:39
francis coquelin,85,252300.0,ShowDown SBC,2020-12-27 13:39
lucas,85,255000.0,eTOTGS SBC,2020-12-27 13:39
joshua kimmich,90,255000.0,TOTGS,2020-12-27 13:39
n'golo kante,88,258000.0,CL,2020-12-27 13:39
pep guardiola,85,260000.0,Icon,2020-12-27 13:39
peter schmeichel,90,262000.0,Icon,2020-12-27 13:39
fernando hierro ruiz,89,264000.0,Icon,2020-12-27 13:39
gheorghe hagi,85,270000.0,Icon,2020-12-27 13:39
franco baresi,91,270000.0,Icon,2020-12-27 13:39
theo hernandez,86,273000.0,IF,2020-12-27 13:39
petr cech,86,275000.0,Icon,2020-12-27 13:39
marco van basten,89,277000.0,Icon,2020-12-27 13:39
jadon sancho,88,278000.0,Record Breaker,2020-12-27 13:39
fernando hierro ruiz,86,281000.0,Icon,2020-12-27 13:39
wissam ben yedder,86,283000.0,IF,2020-12-27 13:39
javier zanetti,87,285000.0,Icon,2020-12-27 13:39
alan shearer,91,285000.0,Icon,2020-12-27 13:39
alessandro nesta,90,285000.0,Icon,2020-12-27 13:39
jari litmanen,90,285000.0,Icon,2020-12-27 13:39
heung min son,88,290000.0,IF,2020-12-27 13:39
gennaro gattuso,87,296000.0,Icon,2020-12-27 13:39
ashley cole,85,297000.0,Icon,2020-12-27 13:39
lev yashin,89,300000.0,Icon,2020-12-27 13:39
andriy shevchenko,86,300000.0,Icon,2020-12-27 13:39
nemanja vidic,88,305000.0,Icon,2020-12-27 13:39
claude makelele,85,308000.0,Icon,2020-12-27 13:39
hugo sanchez,87,308000.0,Icon,2020-12-27 13:39
allan saint-maximin,83,309000.0,IF,2020-12-27 13:39
hidetoshi nakata,88,310000.0,Icon,2020-12-27 13:39
angel di maria,88,310000.0,Halloween,2020-12-27 13:39
pep guardiola,87,310000.0,Icon,2020-12-27 13:39
marco reus,87,310000.0,Halloween,2020-12-27 13:39
davor suker,85,312000.0,Icon,2020-12-27 13:39
steven gerrard,86,318000.0,Icon,2020-12-27 13:39
douglas costa,87,319000.0,Halloween,2020-12-27 13:39
christian vieri,90,319000.0,Icon,2020-12-27 13:39
juan sebastian veron,88,325000.0,Icon,2020-12-27 13:39
hernan crespo,87,325000.0,Icon,2020-12-27 13:39
andrea pirlo,88,328000.0,Icon,2020-12-27 13:39
javier zanetti,88,330000.0,Icon,2020-12-27 13:39
bastian schweinsteiger,87,334000.0,Icon,2020-12-27 13:39
david trezeguet,91,338000.0,Icon,2020-12-27 13:39
pavel nedved,86,338000.0,Icon,2020-12-27 13:39
gary lineker,89,340000.0,Icon,2020-12-27 13:39
michael owen,88,340000.0,Icon,2020-12-27 13:39
bobby moore,92,350000.0,Icon,2020-12-27 13:39
robert pires,91,350000.0,Icon,2020-12-27 13:39
erling haaland,90,352150.0,Bundes POTM SBC,2020-12-27 13:39
edwin van der sar,87,355000.0,Icon,2020-12-27 13:39
gianluca zambrotta,87,355000.0,Icon,2020-12-27 13:39
roy keane,88,355000.0,Icon,2020-12-27 13:39
lautaro martinez,87,360000.0,FUT Freeze,2020-12-27 13:39
anderson luis de souza,90,362000.0,Icon,2020-12-27 13:39
petr cech,88,364000.0,Icon,2020-12-27 13:39
marc overmars,88,365000.0,Icon,2020-12-27 13:39
paul pogba,87,370000.0,IF,2020-12-27 13:39
gennaro gattuso,85,370000.0,Icon,2020-12-27 13:39
nemanja vidic,85,375000.0,Icon,2020-12-27 13:39
lionel messi,93,375000.0,Rare,2020-12-27 13:39
jay-jay okocha,85,379000.0,Icon,2020-12-27 13:39
michael laudrup,91,380000.0,Icon,2020-12-27 13:39
ian wright,89,380000.0,Icon,2020-12-27 13:39
luis hernandez,85,385000.0,Icon,2020-12-27 13:39
roberto baggio,89,385000.0,Icon,2020-12-27 13:39
lionel messi,93,386000.0,CL,2020-12-27 13:39
david alaba,87,386000.0,UCL Live,2020-12-27 13:39
rivaldo,87,388000.0,Icon,2020-12-27 13:39
lev yashin,91,390000.0,Icon,2020-12-27 13:39
radja nainggolan,85,392000.0,Halloween,2020-12-27 13:39
kevin de bruyne,92,395000.0,TOTGS,2020-12-27 13:39
ryan giggs,92,397000.0,Icon,2020-12-27 13:39
dries mertens,87,398000.0,Halloween,2020-12-27 13:39
bruno fernandes,88,402000.0,IF,2020-12-27 13:39
antoine griezmann,89,403000.0,UCL Live,2020-12-27 13:39
michael ballack,86,405000.0,Icon,2020-12-27 13:39
aaron wan-bissaka,85,405350.0,FUT Freeze SBC,2020-12-27 13:39
gheorghe hagi,89,410000.0,Icon,2020-12-27 13:39
xavier hernandez,88,425000.0,Icon,2020-12-27 13:39
carles puyol saforcada,90,425000.0,Icon,2020-12-27 13:39
jamie vardy,88,425000.0,Record Breaker,2020-12-27 13:39
paul scholes,91,425000.0,Icon,2020-12-27 13:39
raul gonzalez blanco,88,425000.0,Icon,2020-12-27 13:39
davor suker,87,426000.0,Icon,2020-12-27 13:39
ronald koeman,88,427000.0,Icon,2020-12-27 13:39
edwin van der sar,89,430000.0,Icon,2020-12-27 13:39
socrates,87,435000.0,Icon,2020-12-27 13:39
gennaro gattuso,89,437000.0,Icon,2020-12-27 13:39
georginio wijnaldum,87,439000.0,UCL Live,2020-12-27 13:39
fabio cannavaro,89,440000.0,Icon,2020-12-27 13:39
andrea pirlo,90,440000.0,Icon,2020-12-27 13:39
timo werner,86,447000.0,OTW,2020-12-27 13:39
frank rijkaard,88,450000.0,Icon,2020-12-27 13:39
kalidou koulibaly,90,456000.0,UEL Live,2020-12-27 13:39
joe gomez,85,460000.0,IF,2020-12-27 13:39
luis hernandez,87,460000.0,Icon,2020-12-27 13:39
robert lewandowski,93,461700.0,Bundes POTM SBC,2020-12-27 13:39
franco baresi,93,465000.0,Icon,2020-12-27 13:39
alex oxlade-chamberlain,85,469500.0,Player Moments SBC,2020-12-27 13:39
ruud van nistelrooy,92,470000.0,Icon,2020-12-27 13:39
pavel nedved,89,470000.0,Icon,2020-12-27 13:39
john barnes,89,473000.0,Icon,2020-12-27 13:39
fernando hierro ruiz,91,475000.0,Icon,2020-12-27 13:39
joao felix sequeira,87,475250.0,LaLiga POTM SBC,2020-12-27 13:39
fernando torres,85,479000.0,Icon,2020-12-27 13:39
lukas klostermann,85,480000.0,UCL Live,2020-12-27 13:39
dennis bergkamp,90,481000.0,Icon,2020-12-27 13:39
hugo sanchez,89,488000.0,Icon,2020-12-27 13:39
roberto carlos,86,490000.0,Icon,2020-12-27 13:39
philipp lahm,87,490000.0,Icon,2020-12-27 13:39
ian rush,91,498000.0,Icon,2020-12-27 13:39
bastian schweinsteiger,89,499000.0,Icon,2020-12-27 13:39
frank lampard,90,500000.0,Icon,2020-12-27 13:39
n'golo kante,89,500000.0,IF,2020-12-27 13:39
peter schmeichel,92,500000.0,Icon,2020-12-27 13:39
rui manuel cesar costa,90,500000.0,Icon,2020-12-27 13:39
patrick kluivert,91,505000.0,Icon,2020-12-27 13:39
hristo stoichkov,87,509000.0,Icon,2020-12-27 13:39
paul pogba,87,510000.0,UEL Live,2020-12-27 13:39
sadio mane,91,513000.0,IF,2020-12-27 13:39
aymeric laporte,88,514000.0,Halloween,2020-12-27 13:39
roy keane,90,520000.0,Icon,2020-12-27 13:39
alessandro nesta,92,529000.0,Icon,2020-12-27 13:39
riquelme,91,530000.0,Icon,2020-12-27 13:39
thierry henry,87,536000.0,Icon,2020-12-27 13:39
rivaldo,90,538000.0,Icon,2020-12-27 13:39
xavier hernandez,90,548000.0,Icon,2020-12-27 13:39
bernardo silva,88,550000.0,FUT Freeze,2020-12-27 13:39
gianfranco zola,87,552000.0,Icon,2020-12-27 13:39
carles puyol saforcada,92,565000.0,Icon,2020-12-27 13:39
bruno fernandes,89,567000.0,IF,2020-12-27 13:39
gianluca zambrotta,86,567000.0,Icon,2020-12-27 13:39
miroslav klose,91,570000.0,Icon,2020-12-27 13:39
roberto baggio,91,570000.0,Icon,2020-12-27 13:39
gary lineker,92,572000.0,Icon,2020-12-27 13:39
gheorghe hagi,91,589000.0,Icon,2020-12-27 13:39
socrates,89,590000.0,Icon,2020-12-27 13:39
sol campbell,87,600000.0,Icon,2020-12-27 13:39
claude makelele,87,603000.0,Icon,2020-12-27 13:39
michael owen,91,603000.0,Icon,2020-12-27 13:39
sol campbell,85,606000.0,Icon,2020-12-27 13:39
gabriel jesus,86,610000.0,UCL Live,2020-12-27 13:39
marcus rashford,86,610000.0,IF,2020-12-27 13:39
ashley cole,89,610000.0,Icon,2020-12-27 13:39
luis figo,88,619000.0,Icon,2020-12-27 13:39
juan sebastian veron,90,619000.0,Icon,2020-12-27 13:39
didier drogba,87,619000.0,Icon,2020-12-27 13:39
michael essien,87,628000.0,Icon,2020-12-27 13:39
steven gerrard,89,628000.0,Icon,2020-12-27 13:39
alphonso davies,86,630000.0,UCL Live,2020-12-27 13:39
didier drogba,89,634000.0,Icon,2020-12-27 13:39
david beckham,89,639000.0,Icon,2020-12-27 13:39
kyle walker,86,643000.0,IF,2020-12-27 13:39
paolo maldini,88,645000.0,Icon,2020-12-27 13:39
marc overmars,90,649000.0,Icon,2020-12-27 13:39
clarence seedorf,85,655000.0,Icon,2020-12-27 13:39
hristo stoichkov,90,660000.0,Icon,2020-12-27 13:39
andrea pirlo,92,660000.0,Icon,2020-12-27 13:39
rio ferdinand,88,660000.0,Icon,2020-12-27 13:39
petr cech,91,660000.0,Icon,2020-12-27 13:39
edwin van der sar,91,665000.0,Icon,2020-12-27 13:39
pep guardiola,90,670000.0,Icon,2020-12-27 13:39
sergio aguero,87,674000.0,Flashback SBC,2020-12-27 13:39
jay-jay okocha,90,674000.0,Icon,2020-12-27 13:39
kaka,87,695000.0,Icon,2020-12-27 13:39
roberto carlos,88,695000.0,Icon,2020-12-27 13:39
fabio cannavaro,87,695000.0,Icon,2020-12-27 13:39
mohamed salah,91,696000.0,IF,2020-12-27 13:39
gianfranco zola,85,698000.0,Icon,2020-12-27 13:39
rivaldo,92,699000.0,Icon,2020-12-27 13:39
kaka,89,700000.0,Icon,2020-12-27 13:39
marco van basten,93,700000.0,Icon,2020-12-27 13:39
javier zanetti,92,700000.0,Icon,2020-12-27 13:39
neymar jr,91,712000.0,Rare,2020-12-27 13:39
carlos alberto torres,90,715000.0,Icon,2020-12-27 13:39
neymar jr,91,715000.0,CL,2020-12-27 13:39
davor suker,90,725000.0,Icon,2020-12-27 13:39
michael ballack,89,738000.0,Icon,2020-12-27 13:39
heung min son,89,752200.0,PL POTM SBC,2020-12-27 13:39
pavel nedved,91,757000.0,Icon,2020-12-27 13:39
emmanuel petit,88,758000.0,Icon,2020-12-27 13:39
dennis bergkamp,92,760000.0,Icon,2020-12-27 13:39
andriy shevchenko,91,760000.0,Icon,2020-12-27 13:39
aubameyang,89,770000.0,UEL Live,2020-12-27 13:39
marcus rashford,86,795000.0,UCL Live,2020-12-27 13:39
sol campbell,89,799000.0,Icon,2020-12-27 13:39
marcel desailly,88,809000.0,Icon,2020-12-27 13:39
eden hazard,90,820000.0,UCL Live,2020-12-27 13:39
david beckham,87,824000.0,Icon,2020-12-27 13:39
gianfranco zola,90,825000.0,Icon,2020-12-27 13:39
thierry henry,90,826000.0,Icon,2020-12-27 13:39
paul pogba,87,830000.0,Halloween,2020-12-27 13:39
carlos alberto torres,87,830000.0,Icon,2020-12-27 13:39
alessandro del piero,90,835000.0,Icon,2020-12-27 13:39
luis figo,90,840000.0,Icon,2020-12-27 13:39
luis hernandez,90,842000.0,Icon,2020-12-27 13:39
clarence seedorf,91,845000.0,Icon,2020-12-27 13:39
bruno fernandes,90,859000.0,TOTGS,2020-12-27 13:39
roberto baggio,93,867000.0,Icon,2020-12-27 13:39
alessandro del piero,87,875000.0,Icon,2020-12-27 13:39
henrik larsson,90,880000.0,Icon,2020-12-27 13:39
emilio butragueno,87,880000.0,Icon,2020-12-27 13:39
roberto firmino,89,886650.0,FUT Freeze SBC,2020-12-27 13:39
renato sanches,84,888000.0,UEL Live,2020-12-27 13:39
steven gerrard,91,890000.0,Icon,2020-12-27 13:39
michael essien,85,890000.0,Icon,2020-12-27 13:39
hernan crespo,90,890000.0,Icon,2020-12-27 13:39
lionel messi,94,895000.0,IF,2020-12-27 13:39
laurent blanc,89,900000.0,Icon,2020-12-27 13:39
moussa sissoko,84,914000.0,UEL Live,2020-12-27 13:39
lev yashin,94,925000.0,Icon,2020-12-27 13:39
rio ferdinand,85,927000.0,Icon,2020-12-27 13:39
gianluca zambrotta,89,940000.0,Icon,2020-12-27 13:39
marcel desailly,87,960000.0,Icon,2020-12-27 13:39
kylian mbappe,90,965000.0,CL,2020-12-27 13:39
kylian mbappe,90,967000.0,Rare,2020-12-27 13:39
fernando torres,88,977000.0,Icon,2020-12-27 13:39
marcus rashford,87,988000.0,TOTGS,2020-12-27 13:39
clarence seedorf,88,990000.0,Icon,2020-12-27 13:39
fabio cannavaro,92,1000000.0,Icon,2020-12-27 13:39
raphael varane,88,1010000.0,UCL Live,2020-12-27 13:39
allan saint-maximin,86,1020000.0,FUT Freeze,2020-12-27 13:39
bruno fernandes,91,1070000.0,PL POTM SBC,2020-12-27 13:39
ruud gullit,86,1090000.0,Icon,2020-12-27 13:39
nemanja vidic,90,1090000.0,Icon,2020-12-27 13:39
emmanuel petit,90,1090000.0,Icon,2020-12-27 13:39
kenny dalglish,87,1090000.0,Icon,2020-12-27 13:39
cristiano ronaldo,92,1100000.0,Rare,2020-12-27 13:39
cristiano ronaldo,92,1100000.0,CL,2020-12-27 13:39
laurent blanc,85,1100000.0,Icon,2020-12-27 13:39
george best,88,1130000.0,Icon,2020-12-27 13:39
virgil van dijk,91,1150000.0,Record Breaker,2020-12-27 13:39
lothar matthaus,88,1170000.0,Icon,2020-12-27 13:39
hugo sanchez,92,1190000.0,Icon,2020-12-27 13:39
harry kane,91,1200000.0,Halloween,2020-12-27 13:39
philipp lahm,89,1200000.0,Icon,2020-12-27 13:39
alessandro del piero,92,1200000.0,Icon,2020-12-27 13:39
socrates,91,1200000.0,Icon,2020-12-27 13:39
laurent blanc,91,1200000.0,Icon,2020-12-27 13:39
george best,90,1210000.0,Icon,2020-12-27 13:39
david beckham,92,1250000.0,Icon,2020-12-27 13:39
philipp lahm,91,1250000.0,Icon,2020-12-27 13:39
ousmane dembele,86,1260000.0,FUT Freeze,2020-12-27 13:39
kenny dalglish,90,1270000.0,Icon,2020-12-27 13:39
claude makelele,90,1270000.0,Icon,2020-12-27 13:39
roberto carlos,91,1300000.0,Icon,2020-12-27 13:39
raul gonzalez blanco,92,1300000.0,Icon,2020-12-27 13:39
ronaldinho,89,1330000.0,Icon,2020-12-27 13:39
emilio butragueno,90,1330000.0,Icon,2020-12-27 13:39
michael ballack,91,1340000.0,Icon,2020-12-27 13:39
bastian schweinsteiger,91,1370000.0,Icon,2020-12-27 13:39
lionel messi,95,1400000.0,TOTGS,2020-12-27 13:39
luis figo,92,1420000.0,Icon,2020-12-27 13:39
garrincha,90,1430000.0,Icon,2020-12-27 13:39
xavier hernandez,93,1510000.0,Icon,2020-12-27 13:39
marcel desailly,91,1600000.0,Icon,2020-12-27 13:39
garrincha,92,1650000.0,Icon,2020-12-27 13:39
mohamed salah,92,1670000.0,UCL Live,2020-12-27 13:39
kaka,91,1680000.0,Icon,2020-12-27 13:39
eric cantona,88,1710000.0,Icon,2020-12-27 13:39
didier drogba,91,1730000.0,Icon,2020-12-27 13:39
ferenc puskas,89,1770000.0,Icon,2020-12-27 13:39
rio ferdinand,90,1790000.0,Icon,2020-12-27 13:39
samuel eto'o,87,1820000.0,Icon,2020-12-27 13:39
eric cantona,90,1830000.0,Icon,2020-12-27 13:39
hristo stoichkov,92,1840000.0,Icon,2020-12-27 13:39
lothar matthaus,91,1850000.0,Icon,2020-12-27 13:39
patrick vieira,86,1870000.0,Icon,2020-12-27 13:39
michael essien,90,1870000.0,Icon,2020-12-27 13:39
paolo maldini,92,1920000.0,Icon,2020-12-27 13:39
fernando torres,91,2029999.9999999998,Icon,2020-12-27 13:39
sadio mane,92,2080000.0,FUT Freeze,2020-12-27 13:39
emilio butragueno,92,2110000.0,Icon,2020-12-27 13:39
diego maradona,95,2120000.0,Icon,2020-12-27 13:39
carlos alberto torres,93,2130000.0,Icon,2020-12-27 13:39
ferenc puskas,92,2130000.0,Icon,2020-12-27 13:39
samuel eto'o,90,2140000.0,Icon,2020-12-27 13:39
diego maradona,91,2170000.0,Icon,2020-12-27 13:39
kenny dalglish,92,2280000.0,Icon,2020-12-27 13:39
cristiano ronaldo,93,2350000.0,IF,2020-12-27 13:39
kylian mbappe,91,2420000.0,Record Breaker,2020-12-27 13:39
ronaldo,90,2430000.0,Icon,2020-12-27 13:39
zinedine zidane,91,2500000.0,Icon,2020-12-27 13:39
thierry henry,93,2660000.0,Icon,2020-12-27 13:39
zinedine zidane,94,2710000.0,Icon,2020-12-27 13:39
johan cruyff,89,2880000.0,Icon,2020-12-27 13:39
ronaldinho,91,2890000.0,Icon,2020-12-27 13:39
mane garrincha,94,3060000.0,Icon,2020-12-27 13:39
patrick vieira,88,3200000.0,Icon,2020-12-27 13:39
george best,93,3450000.0,Icon,2020-12-27 13:39
johan cruyff,91,3480000.0,Icon,2020-12-27 13:39
eusebio,91,3590000.0,Icon,2020-12-27 13:39
lothar matthaus,93,3630000.0,Icon,2020-12-27 13:39
pele,91,3700000.0,Icon,2020-12-27 13:39
samuel eto'o,92,3840000.0,Icon,2020-12-27 13:39
ferenc puskas,94,4000000.0,Icon,2020-12-27 13:39
eusebio,89,4570000.0,Icon,2020-12-27 13:39
eric cantona,93,4740000.0,Icon,2020-12-27 13:39
patrick vieira,91,4940000.0,Icon,2020-12-27 13:39
diego maradona,97,5270000.0,Icon,2020-12-27 13:39
ruud gullit,90,5350000.0,Icon,2020-12-27 13:39
pele,95,5430000.0,Icon,2020-12-27 13:39
eusebio,93,6590000.0,Icon,2020-12-27 13:39
paolo maldini,94,7200000.0,Icon,2020-12-27 13:39
zinedine zidane,96,7430000.0,Icon,2020-12-27 13:39
ronaldinho,94,7450000.0,Icon,2020-12-27 13:39
ronaldo,94,8150000.0,Icon,2020-12-27 13:39
johan cruyff,94,9000000.0,Icon,2020-12-27 13:39
pele,98,9000000.0,Icon,2020-12-27 13:39
ruud gullit,93,10500000.0,Icon,2020-12-27 13:39
